line_number,start,end,confidence,word_count,audible_duration,text
0,2.14,6.33,0.309,0,4.19,five mg
1,8.21,11.55,0.46,2,3.34,uhhuh nnj
2,12.8,14.44,0.102,4,1.64,nndb
5,20.58,21.29,0.287,5,0.71,ok make
6,23.12,23.59,0.095,7,0.47,dining
7,24.46,25.94,0.659,8,1.48,me on the other side working from that
8,29.4,29.76,0.909,16,0.36,one
9,30.46,32.87,0.502,17,2.41,two fn
13,41.24,42.86,0.785,19,1.62,and nbsp
14,45.46,45.82,0.303,21,0.36,NATO
16,51.8,53.67,0.588,22,1.87,what freelotto cookies one
17,54.21,55.15,0.168,26,0.94,true pretty
19,57.66,58.83,0.518,28,1.17,nnj
20,59.7,60.59,1.0,29,0.89,and nbsp
22,64.06,66.35,0.392,31,2.29,I'm embarrassed for you nd
23,68.24,71.84,0.508,36,3.6,you heard a chance my growth a machine to draws off this ****
24,72.48,73.66,0.268,49,1.18,caught on something and I
25,75.78,76.8,0.447,54,1.02,get over there were cops
29,87.87,91.9,0.488,59,4.03,one two you know nnj
30,92.43,93.77,0.999,64,1.34,and nbsp
31,95.41,96.17,0.228,66,0.76,nt
33,99.82,101.7,0.702,67,1.88,okay mn
34,107.51,112.33,0.605,69,4.82,she's my **** kicked moved a bit when I was alone
35,112.97,116.01,0.732,80,3.04,mostly got wedged in the door somehow desk is empty right
36,116.62,116.93,0.505,91,0.31,yeah
37,117.58,118.06,0.443,92,0.48,you checked
38,120.97,122.45,0.624,94,1.48,right this way we never going to get it
39,130.48,130.73,0.924,103,0.25,what
40,132.23,132.65,0.612,104,0.42,if
42,137.34,137.97,0.994,105,0.63,unbelievable
43,138.74,139.96,0.705,106,1.22,under a **** livable
44,158.15,159.15,0.823,110,1.0,nd
47,162.07,165.42,0.324,111,3.35,nnj
48,166.68,168.62,0.196,112,1.94,nnj
49,170.25,171.97,0.854,113,1.72,leann
50,174.15,174.44,0.236,114,0.29,one
51,177.83,178.24,0.564,115,0.41,the
52,178.64,179.21,0.431,116,0.57,all through
54,181.78,182.31,0.644,118,0.53,you see
55,183.04,183.74,0.273,120,0.7,so
56,184.09,185.12,0.251,121,1.03,nnj
57,187.28,189.0,0.224,122,1.72,nnj
60,193.3,194.28,0.891,123,0.98,all the
62,198.7,199.84,0.613,125,1.14,sn
63,204.4,204.63,0.324,126,0.23,you
70,214.73,215.59,0.15,127,0.86,mn
71,217.54,219.14,0.365,128,1.6,nnj
76,232.36,233.07,0.994,129,0.71,jn
77,234.95,235.15,0.508,130,0.2,the
81,243.62,244.91,0.281,131,1.29,nnj
82,257.15,258.08,0.278,132,0.93,is a bit humble from
83,259.62,260.9,0.929,137,1.28,doesn't look like much on paper
84,261.66,262.36,0.799,143,0.7,see what you can do
86,270.77,271.72,0.977,148,0.95,making new friends
87,272.49,273.04,0.171,151,0.55,not yet
88,274.67,276.34,0.872,153,1.67,for the morning down in juvenile court
89,277.45,279.88,0.4,160,2.43,the kids know they can't be her fifth street which I saw
90,280.57,281.38,0.373,172,0.81,I think it was that
91,282.36,282.85,0.184,177,0.49,he tried
92,283.89,286.71,0.499,179,2.82,another might be entitled **** off of fourteen you know
93,287.83,289.63,0.304,189,1.8,but here's a Porsche and
94,291.29,295.13,0.53,194,3.84,head to head with bubbles and east Carolina on edge
95,295.57,297.54,0.653,204,1.97,all right whose first
96,297.95,299.95,0.562,208,2.0,ms Duncan's state versus Martha
97,300.17,300.92,0.718,213,0.75,rounding your honor
98,301.29,310.72,0.901,216,9.43,one count distribution of a controlled substance to wit heroin and one count distribution of a controlled substance to wit cocaine quantity one jail cap and one by your honor
99,311.48,312.55,0.816,246,1.07,fell recommendation
100,313.02,324.12,0.889,248,11.1,state requests defendant be held as he is part of a continuing investigation and further is subject to a mandatory five years without parole because of prior convictions for your office be seeking a mandatory five in this case
101,324.59,325.54,0.914,287,0.95,absolutely your honor
102,327.36,329.63,0.986,290,2.27,very well I'll take that into consideration
103,333.08,334.22,0.344,297,1.14,because intentionally
105,341.77,343.31,0.807,299,1.54,a lieutenant come have a taste
106,344.44,345.67,0.484,305,1.23,not come on we're celebrating
107,347.38,348.74,0.737,310,1.36,Patrick's going out a medical
108,349.3,349.57,0.632,315,0.27,we
109,350.61,351.06,0.909,316,0.45,sweet
110,351.71,352.7,0.761,317,0.99,cervical six
111,354.67,356.19,0.626,319,1.52,shoulders normally arms numb
112,357.32,360.08,0.84,323,2.76,my fingers feel like they belong some son of a **** in the next county
113,360.81,363.85,0.75,338,3.04,this is my ticket analyst ratchet department
114,364.27,368.63,0.855,345,4.36,sixty six and two thirds pension I don't have to wait for my thirty I'm going
115,369.2,373.99,0.758,361,4.79,**** you know did you a favor kid had like a mule I gotta say you should take a couple days
116,374.69,376.17,0.84,382,1.48,think it over before you put in papers
117,376.49,379.11,0.732,390,2.62,my brother in law's gotta video store item Arabia
118,380.21,382.15999999999997,0.842,399,1.95,the six thousand a week straight Reynolds
119,382.69,384.09000000000003,0.807,406,1.4,another eight thousand point
120,384.8,385.61,0.468,410,0.81,in each apartment
121,386.06,391.25,0.648,413,5.19,Patty to take that off the top of a medical penchant for reported as income they do toilet that **** stupid
122,392.90999999999997,394.05,0.677,434,1.14,have a nice life lieutenant
123,406.08,406.64,0.264,439,0.56,which would you
124,408.12,409.28,0.375,442,1.16,you going to miss my Dawgs
125,410.53,411.99,0.743,448,1.46,the **** am I going to do petty
126,413.42,414.02,0.964,456,0.6,tell you what
127,415.4,416.85,0.965,459,1.45,what do you say we go out together
128,417.79,420.12,0.909,467,2.33,what do you mean I mean it only hurts for a minute
129,420.72,422.64,0.792,479,1.92,and it doesn't have to be willing to duty either
130,423.61,426.98,0.719,489,3.37,I'm serious you know those stairs really sends them the basement her
131,427.45,428.28,0.525,501,0.83,start down there
132,429.44,436.68,0.689,504,7.24,you go up eight and nine steps let go of the rail take too little jump I break my **** neck like that you don't break nothing
133,437.32,439.05,0.672,531,1.73,he's a little dance in those steps
134,439.77,441.12,0.824,538,1.35,you're up to two thirds with me
135,442.02,444.06,0.828,545,2.04,and maybe is through the city in little more
136,446.96000000000004,448.15999999999997,0.868,554,1.2,can't say we don't deserve
137,451.27,452.22,0.703,559,0.95,five in
138,453.27,454.07,0.866,561,0.8,for one and one
139,455.1,460.63,0.734,565,5.53,now why bang me like that for one on one because it's your terms to brown everybody out there gets a ten
140,461.01,467.35,0.551,587,6.34,well we are going to wind up in here I'm thing and does not want to go the distance we are down to my water no Marvel
141,468.32,469.85,0.717,614,1.53,I'm looking at you sheet here
142,471.7,474.01,0.627,620,2.31,well for one thing this little wrong to calling it a sheet
143,474.82,478.1,0.859,632,3.28,more like a book point is we got the room to get a little crazy
144,479.05,480.28999999999996,0.881,647,1.24,like she said it's your turn
145,481.2,482.40999999999997,0.999,653,1.21,tell us some stories
146,482.85,484.32,0.679,657,1.47,my can be somebody else's time
147,486.76,487.61,0.567,663,0.85,stories
148,488.45,489.62,0.897,664,1.17,Avon Barksdale
150,492.31,495.39,0.548,666,3.08,know the name every month ago been until I was no name
151,496.65999999999997,498.39,0.438,678,1.73,so I never really had where would my
152,498.91999999999996,499.91999999999996,0.329,686,1.0,string a Belden
153,501.65,505.05,0.568,689,3.4,we base of Reno stink MC CEO rock rock
154,507.28999999999996,508.49,0.566,698,1.2,we're going to give us Marvin
155,509.5,510.76,0.597,704,1.26,you don't send them soon
156,511.34000000000003,512.53,0.483,709,1.19,you're going to be court side
157,513.41,513.79,0.213,715,0.38,I
158,515.39,516.7,0.737,716,1.31,I I would
159,517.87,519.19,0.629,719,1.32,alright I take two years
160,532.53,533.22,0.022,724,0.69,therefore
161,537.02,537.6800000000001,0.08,725,0.66,setakat
162,538.42,539.42,0.899,726,1.0,when you're ready to get up
163,539.96,540.49,0.347,732,0.53,but I don't
164,541.48,542.8199999999999,0.414,735,1.34,report to book a seven
165,545.34,546.59,0.607,740,1.25,don't be later than breakfast
166,548.65,548.99,0.124,745,0.34,I think
167,550.89,551.81,0.794,747,0.92,who else is up here
168,552.6,553.55,0.326,752,0.95,my wife my son
169,554.61,555.51,0.522,756,0.9,DC boys
170,556.11,556.4300000000001,0.528,758,0.32,most
174,598.01,598.27,0.473,759,0.26,no
178,610.44,611.6,0.545,760,1.16,jn
180,614.24,618.08,0.997,761,3.84,jn
188,631.04,632.16,0.6,762,1.12,and nbsp
192,648.21,649.35,0.626,764,1.14,long **** drive
193,649.95,651.56,0.462,767,1.61,you're drawing another should detail
194,652.52,653.53,0.537,772,1.01,so it should detail
195,654.33,654.64,0.698,776,0.31,no
196,655.24,658.52,0.681,777,3.28,coming up a **** of Marlboro Maryland and still going south
197,660.01,662.4,0.646,788,2.39,look for another cow mn
199,665.63,670.19,0.721,793,4.56,use your imagination this little shit having already been whipped good bios once
200,670.55,673.51,0.667,806,2.96,he sees us right restructure crying like a little ****
201,673.75,676.99,0.675,816,3.24,because he knows we drove all the way down the prince George's for more visit right
202,677.91,679.72,0.663,832,1.81,I imagine with Jack among
203,680.42,681.85,0.893,837,1.43,toss them into a small room
204,682.63,685.19,0.628,843,2.56,until now detective my whole is near death from the circuit
205,686.19,686.64,0.1,854,0.45,Lucia
206,687.4,689.4,0.365,855,2.0,talk old **** suddenly slipped into a coma
207,690.12,693.28,0.881,863,3.16,and now the commissioner and Mrs Mahony readies bedside in the ICU
208,693.97,697.08,0.718,875,3.11,and we've been ordered to come down here rip off his ****
209,697.67,700.39,0.759,887,2.72,put it in a jar and drive back to Baltimore so consider
210,700.63,703.85,0.688,899,3.22,**** bowling trophies behind the bar at the FLP lunch
212,707.45,708.21,0.732,909,0.76,after which
213,708.65,709.5699999999999,0.352,911,0.92,**** nuts
214,710.17,711.85,0.646,913,1.68,stops whimpering long enough to just
215,712.23,714.06,0.487,919,1.83,stop giving people quest
216,714.9,715.8,0.518,923,0.9,stringer bell
217,716.52,719.22,0.707,925,2.7,Avon Barksdale yeah he said
218,719.76,721.36,0.768,930,1.6,well Pretoria's on everybody
219,723.5699999999999,724.9300000000001,0.5,934,1.36,and we break the case why don't
220,726.4,726.8199999999999,0.504,941,0.42,Cole
221,728.14,728.53,0.667,942,0.39,I
222,729.9,730.83,0.163,943,0.93,five
223,733.91,734.88,0.175,944,0.97,five
224,746.39,748.28,0.632,945,1.89,remote in hand hands nobody flipped
225,749.52,754.6,0.713,951,5.08,you know that part of town Barstow carries more weight than we do just like always going on the sides
226,755.92,760.29,0.646,971,4.37,witnesses lying witness is paid off witnesses backing up on this story you blame
227,761.61,762.26,0.977,985,0.65,not really
228,763.31,765.54,0.813,987,2.23,every now and then we visited projects they live there
229,767.28,771.52,0.591,997,4.24,you men's day right deangelo yeah this one's going to dis a possible future
230,772.54,773.58,0.925,1011,1.04,this one connects
232,774.9,775.4,0.57,1014,0.5,the way
233,776.17,776.47,0.37,1016,0.3,yeah
234,777.25,777.96,0.294,1017,0.71,I'm CNN
235,779.3199999999999,782.58,0.323,1019,3.26,Steve you're crescent molecules case Camanche a
236,783.37,799.16,0.765,1026,15.79,the college girl blown up in the kitchen of an apartment up in northeast how does this match with all the rest website project modes they don't have cars doesn't match Jake sure it does take a look at your office report you got a witness puts her with the de the night she says I wanted these to think they are in the system today
237,799.72,805.35,0.693,1092,5.63,as a street name let me ask you something Jimmy Herminia case files got here that you couldn't Barksdale
238,806.78,807.53,0.856,1111,0.75,maybe a dozen
239,808.29,810.9,0.731,1114,2.61,dozen cases so how many of those are from our squad
240,812.35,812.74,0.991,1125,0.39,one
241,813.79,815.8199999999999,0.697,1126,2.03,Gerard boat he case
242,816.8,818.79,0.655,1130,1.99,your squad down a man for weeks Jimmy
243,819.97,822.13,0.635,1138,2.16,really humping your call sketching or cases
244,822.65,830.76,0.68,1145,8.11,you know popping around like a one legged pig town **** unchecked and for what's that you can have a big adventures of everybody else's cases is this what I'm hearing
245,831.95,832.7,0.421,1176,0.75,it's got to Germany
246,835.19,836.08,0.561,1180,0.89,first love McNulty
247,836.7,838.45,0.577,1183,1.75,show me some **** was owned by
248,841.38,842.15,0.749,1190,0.77,he's my son
249,849.89,854.78,0.623,1193,4.89,just dump this loser Santangelo suppose we don't know how I would if I could find the ****
250,855.8,857.52,0.837,1211,1.72,let's them another job he's got so much
251,857.9100000000001,860.8299999999999,0.647,1219,2.92,what is the use of say about that nothing I cover for the guy
252,861.4,863.96,0.844,1233,2.56,he's out the window all day yesterday half the day before
253,865.1800000000001,871.53,0.779,1244,6.35,a nuclear really dug listen and then in here but the twenty four and some crime scene photos and this
254,872.5699999999999,873.6700000000001,0.343,1264,1.1,Towanda called
255,874.5899999999999,875.24,0.176,1266,0.65,an empty
256,875.8399999999999,881.3,0.845,1268,5.46,no last name no address claims your victim killed after being visited by a suspect named dean
257,882.97,884.03,0.998,1285,1.06,no further description
258,885.47,886.53,0.5,1288,1.06,as a call back number though
259,887.63,888.4,0.603,1294,0.77,so call
262,908.32,908.76,0.576,1296,0.44,number you
263,910.1,911.99,0.499,1298,1.89,connect no pretty disconnected
265,914.17,915.16,0.556,1302,0.99,you got to give me
266,916.75,918.88,0.638,1307,2.13,alright **** she got me to
268,920.6,923.34,0.667,1313,2.74,some of the call Verizon you've got a fresh listing
269,924.99,926.12,0.805,1323,1.13,you have been a ****
270,928.8,930.21,0.217,1328,1.41,this is about the tabloids
271,931.86,932.49,0.324,1333,0.63,seeing the van
272,933.29,935.95,0.326,1336,2.66,clear the court mold and told Alexis
273,936.87,939.62,0.601,1343,2.75,post reported stolen off a car parked right here on this
274,940.53,941.97,0.083,1354,1.44,Zbigniew letterman I have a
275,943.21,943.72,0.438,1359,0.51,maybe
276,944.77,946.56,0.537,1360,1.79,going to tell us that it was Oman screw
277,947.65,947.96,0.129,1369,0.31,unless
278,949.03,950.84,0.363,1370,1.81,was it we know almost
279,951.8,952.73,0.284,1375,0.93,Oman to tell
280,953.42,955.0,0.267,1378,1.58,that's been about nine hits again
281,955.96,957.89,0.523,1384,1.93,if this **** don't play
282,958.67,959.42,0.504,1389,0.75,that lesson
283,960.61,962.79,0.306,1391,2.18,just a little you know me know Leslie
284,963.71,964.5,0.907,1399,0.79,does this family
285,965.24,966.16,0.213,1402,0.92,remember no I don't think
286,967.08,968.52,0.479,1407,1.44,he met with him buttons
287,969.61,969.96,0.912,1412,0.35,and
288,971.99,974.94,0.436,1413,2.95,this can not tell me you don't remember nobody
289,976.86,979.27,0.372,1422,2.41,damn girl the tentative release and Elise's
290,981.06,983.77,0.484,1429,2.71,right now I am personally seem to be just right
291,989.21,989.45,0.354,1439,0.24,what
292,990.1,990.5,0.433,1440,0.4,only from
293,992.03,992.59,0.333,1442,0.56,laughs
294,993.92,994.69,0.788,1443,0.77,twelve forty
295,995.37,995.75,0.261,1445,0.38,but what
296,996.94,999.72,0.713,1447,2.78,questioning one of my unit is up to report to channel thirteen
297,1000.89,1002.15,0.813,1459,1.26,thirty five I get that
298,1010.5699999999999,1011.41,0.409,1464,0.84,that could be moved
299,1012.31,1014.14,0.434,1468,1.83,Avon stuff always beat the
300,1015.0,1016.03,0.704,1473,1.03,street school
301,1017.37,1018.0,0.819,1475,0.63,as I
302,1019.63,1021.42,0.312,1477,1.79,that play was liberated in NATO
303,1023.47,1024.0,0.332,1483,0.53,but the
304,1024.72,1026.98,0.466,1485,2.26,the new lego your name
305,1027.93,1029.62,0.481,1490,1.69,so when I was a kid he shouted me out
306,1030.33,1032.58,0.6,1500,2.25,a Barney's projects been no one or more you are
307,1034.3899999999999,1036.5,0.712,1510,2.11,I just thought them coming down the aisle baby boy
308,1043.15,1044.55,0.55,1520,1.4,surely come a word game
309,1045.6100000000001,1047.33,0.322,1525,1.72,and **** day with us
310,1048.06,1048.8600000000001,0.617,1530,0.8,Mr Omar
311,1051.0,1051.73,0.224,1532,0.73,much ugly
312,1068.81,1069.43,0.391,1534,0.62,you might
313,1070.55,1071.54,0.258,1536,0.99,but this is done via
314,1076.13,1078.17,1.0,1541,2.04,annnnd
315,1079.95,1080.81,0.202,1542,0.86,with big show
316,1082.79,1083.12,0.444,1545,0.33,my
317,1084.84,1088.43,0.32,1546,3.59,thing about within the flesh around open at the sight names because of my
318,1088.96,1089.52,0.194,1560,0.56,no word
320,1092.3899999999999,1094.58,0.32,1562,2.19,so that made you want to live in a nice car
321,1095.6399999999999,1096.02,0.712,1573,0.38,still
322,1097.57,1098.56,0.278,1574,0.99,boosting my model
323,1100.02,1100.84,0.893,1577,0.82,keep it close
324,1102.1100000000001,1103.04,0.166,1580,0.93,fair enough
326,1115.71,1116.3600000000001,0.224,1582,0.65,the men are
328,1129.62,1132.54,0.71,1585,2.92,I gotta be somewhere first but I'll run back downtown after
329,1132.8,1133.58,0.821,1596,0.78,no problem
330,1134.82,1135.46,0.637,1598,0.64,thanks fans
331,1138.47,1140.21,0.423,1600,1.74,and Bob's ignited
332,1144.44,1144.87,0.997,1603,0.43,what's up
333,1146.99,1148.35,0.735,1605,1.36,you ever heard a no hard Anthony
334,1150.02,1151.2,0.672,1612,1.18,with Anthony little
335,1151.91,1155.01,0.902,1615,3.1,ten fifty eight Argyle apartment sixteen J.
336,1155.85,1159.29,0.74,1622,3.44,he's up in Hagerstown and robbery bit what about it mummy
338,1163.74,1166.44,0.32,1633,2.7,but you know dnmt
339,1167.63,1168.88,0.416,1637,1.25,yeah credible folks do
340,1169.93,1170.76,0.832,1641,0.83,when they kill a deer
341,1171.71,1173.73,0.752,1646,2.02,well I want to go out killing animals will not
342,1174.85,1177.74,0.29,1656,2.89,government funded trouble titled stressed outfits
343,1178.1,1179.33,0.951,1662,1.23,so everybody can see
344,1180.91,1181.45,0.382,1666,0.54,filming
345,1182.97,1184.4,0.506,1667,1.43,series Esslemont
346,1185.48,1187.06,0.296,1669,1.58,I want them of the foregoing displayed
347,1188.26,1190.33,0.524,1676,2.07,send a message to the courtyard about this model for
348,1190.97,1194.51,0.615,1686,3.54,so people know we hate playing yeah we got people's on it
349,1195.63,1197.26,0.469,1698,1.63,he tells a thousand Bucks
350,1197.91,1198.99,0.291,1703,1.08,institutional or more
351,1200.26,1206.22,0.645,1706,5.96,yeah birds on Silvino too you know bird jail would almost down the cut right
352,1206.89,1208.4,0.564,1721,1.51,he said he all FAQ
353,1209.07,1213.77,0.388,1726,4.7,if I didn forgot who said he had a whole stable boys down to Jessica
354,1214.18,1217.45,0.546,1741,3.27,this point **** got in elections to **** Maddie home
355,1218.06,1220.32,0.499,1751,2.26,so he got a lot of harmful cock sucking
356,1220.97,1223.55,0.571,1760,2.58,so we doubling down sweetlips
357,1224.02,1226.77,0.738,1765,2.75,right Mickey for one of the fourteen thousand dollars
358,1227.97,1230.33,0.448,1774,2.36,six about good sense to Holland before you give god
359,1231.21,1231.9,0.905,1784,0.69,see no more
360,1232.7,1233.38,0.536,1787,0.68,they kill all
361,1234.8,1236.95,0.405,1790,2.15,stick up come on dead honest that's one night
362,1237.99,1241.38,0.697,1799,3.39,Lee's jumping out the next something up to pick
363,1242.67,1243.82,0.68,1808,1.15,maybe it
364,1246.39,1247.23,0.848,1810,0.84,so my nephew
365,1247.71,1250.6,0.67,1813,2.89,I don't know me doing good he making the money up to Hobart
366,1251.75,1253.24,0.735,1826,1.49,you have a problem he don't know about
367,1257.67,1258.07,0.114,1834,0.4,Mona
368,1261.73,1263.21,0.944,1835,1.48,sn
369,1269.39,1272.28,0.644,1836,2.89,you know where you leave it to beaver land taken
370,1272.83,1273.51,0.462,1846,0.68,late for something
371,1274.12,1275.83,0.742,1849,1.71,a truck after all the way back downtown
372,1278.06,1279.39,0.695,1857,1.33,delay for soccer
373,1280.92,1281.37,0.612,1860,0.45,but what
375,1285.76,1286.59,0.254,1862,0.83,nnj
376,1287.2,1287.37,0.228,1863,0.17,we
377,1288.6,1289.85,0.271,1864,1.25,fn
380,1293.76,1295.69,0.677,1865,1.93,today dnmt
381,1297.99,1299.26,0.451,1867,1.27,nnj
382,1301.02,1303.22,0.145,1868,2.2,nnj
383,1305.11,1306.25,0.251,1869,1.14,nnj
385,1308.12,1309.3,0.335,1870,1.18,nnj
386,1309.89,1311.96,0.218,1871,2.07,nnj
387,1313.75,1314.8,0.325,1872,1.05,nnj
388,1316.45,1319.75,0.752,1873,3.3,Hardenberg key area
389,1320.58,1328.41,0.535,1876,7.83,who was with him fair for one or one gotta go for you guys the kind of my skills says it's good
390,1330.53,1333.12,0.643,1898,2.59,and a drink on the brakes paddling get dehydrated
391,1335.19,1335.49,0.489,1907,0.3,Hey
392,1336.55,1337.2,0.765,1908,0.65,just bubbles
393,1339.73,1340.15,0.847,1910,0.42,hi
394,1340.84,1344.15,0.106,1911,3.31,annnnd
396,1348.2,1348.75,0.519,1912,0.55,late
397,1349.84,1353.08,0.884,1913,3.24,he thought you were going to come this time either his job you know this job
398,1353.73,1355.79,0.655,1929,2.06,I can't get out here we get supper busted for
399,1356.88,1361.76,0.766,1939,4.88,I need more than every other weekend only needs me more necessary Shaw's not given up any more weekends
400,1362.07,1366.85,0.66,1958,4.78,a fifty fifty split so Miller says I have to do is not fifty fifty if I don't seem all god damn week
401,1367.5,1371.47,0.563,1981,3.97,you see every day gets a person my lawyer says looking a lawyer
402,1373.59,1374.8600000000001,0.66,1994,1.27,who you
405,1379.02,1382.66,1.0,1996,3.64,sn
406,1385.54,1385.87,0.143,1997,0.33,you know
408,1388.88,1390.03,0.314,1999,1.15,nnj
409,1390.6399999999999,1392.72,0.208,2000,2.08,nnj
413,1404.91,1405.55,0.775,2001,0.64,is good for you
415,1412.1,1413.32,0.365,2005,1.22,to learn to them in here
417,1434.25,1436.23,0.247,2011,1.98,this
419,1447.53,1450.27,0.55,2012,2.74,you know we stashing the knockers don't know but he knew
420,1451.07,1452.1,0.511,2023,1.03,something signature
421,1452.82,1456.97,0.522,2025,4.15,man in nobody got to be Snitchin for Omar one is boys to treat my see what a stash
422,1459.27,1460.12,0.256,2044,0.85,Dan budi
423,1460.63,1461.96,0.565,2046,1.33,book then they go thanks
424,1463.63,1465.67,0.605,2051,2.04,how you could stop banking and knocked off
425,1467.76,1469.44,0.754,2059,1.68,boy how do you know so quick
426,1472.21,1477.1399999999999,0.64,2066,4.93,you know what you should do the Camry XLE yeah yeah when Iraq is right on the corner
427,1479.96,1484.81,0.747,2084,4.85,and please religion she just too bad for them off brand little boy bullshit
428,1485.74,1486.4,0.464,2098,0.66,you can't hold
429,1489.85,1490.3899999999999,0.354,2101,0.54,but you let
430,1491.12,1491.66,0.623,2104,0.54,so fine
432,1493.97,1495.6,0.58,2106,1.63,use me away I still be down
433,1498.82,1499.92,0.773,2113,1.1,you ever seen a city jail
435,1501.8,1502.79,0.604,2119,0.99,give a court of body
436,1504.4,1512.75,0.67,2124,8.35,I'm the one who just got home remember eight months of one ego street with a body on the neck you got that one data one you know about many young Lemont **** need to ask Iran
437,1515.94,1516.21,0.589,2161,0.27,you know
438,1517.05,1519.49,0.6,2163,2.44,I'll need a county right behind that Esau
439,1520.34,1522.03,0.515,2171,1.69,to get the department so they write
440,1523.32,1525.34,0.646,2178,2.02,so it was a slow surely we should stay out there
441,1526.68,1527.36,0.998,2189,0.68,she was like
443,1530.41,1530.94,0.379,2192,0.53,man
444,1532.18,1534.09,0.64,2193,1.91,I seen a female to have fun sense
445,1534.55,1536.14,0.67,2201,1.59,I got to see Shorty was right
446,1538.07,1538.26,0.209,2208,0.19,but
447,1539.25,1540.52,0.518,2209,1.27,not many wasn't like that
448,1541.3,1542.95,0.726,2214,1.65,usually my uncle was Messin with
449,1544.15,1546.76,0.805,2220,2.61,so you know they was going on at it for a little while
450,1547.41,1549.97,0.386,2233,2.56,to she's one of them will get a little short he ran away
451,1551.08,1553.58,0.564,2246,2.5,more right to say you got a few among runaway norm San
452,1555.26,1561.97,0.667,2258,6.71,so she goes off the hook issued talking machine called police start talking about she she's posing no about she you know
453,1563.33,1564.49,0.312,2280,1.16,she had that's intrigued him
454,1565.76,1566.96,0.497,2285,1.2,my uncle he notice
455,1568.78,1570.47,0.582,2289,1.69,so they will be out pass a trip
456,1571.93,1575.4,0.834,2297,3.47,may show me how she lives right on the ground floor right for each level
457,1577.17,1577.59,0.997,2312,0.42,you know
458,1579.01,1580.92,0.664,2314,1.91,I will creeping around a back to back when
459,1581.97,1583.96,0.689,2323,1.99,I got the four five will meet a big gun
460,1585.33,1590.96,0.688,2333,5.63,I walk up to the wind and I look and in the stock shit because it's like three o'clock in the morning shit you know you can't see shit
461,1592.95,1593.21,0.662,2362,0.26,no
462,1595.59,1596.91,0.931,2363,1.32,so I pulled out the piece
463,1598.53,1600.35,0.705,2369,1.82,I start to happen with the back of it on the wind
464,1601.63,1602.4,0.933,2381,0.77,he was quiet
465,1603.31,1605.09,0.624,2384,1.78,no but it was loud enough so she can hit ash
466,1607.96,1608.25,0.112,2395,0.29,ten
467,1610.1,1610.89,0.45,2396,0.79,she her you know
468,1611.83,1613.06,0.977,2400,1.23,sure enough she comes out
469,1614.06,1615.09,0.737,2405,1.03,she's naked issue
470,1616.64,1617.86,0.509,2408,1.22,I don't know why the **** but
471,1618.59,1621.35,0.675,2415,2.76,she has a robe and she slipped on a role she turns on the light
472,1622.93,1624.17,0.883,2430,1.24,you know when she does that
473,1624.92,1627.34,0.5,2436,2.42,it is light on inside you case he should on our side
474,1628.43,1628.6399999999999,0.142,2448,0.21,I
475,1630.28,1630.55,0.263,2449,0.27,neck
477,1635.8600000000001,1639.95,0.671,2450,4.09,she has that shit on a windows machine dental choice but the walk over there and see what it is
478,1642.05,1642.76,0.815,2470,0.71,steps up
479,1644.75,1645.38,0.451,2472,0.63,looks out
480,1645.94,1647.03,0.73,2474,1.09,see where it's coming from
481,1653.03,1653.51,0.441,2479,0.48,what happened
482,1657.62,1658.23,0.071,2481,0.61,Charlotte
483,1662.9,1664.9,0.632,2482,2.0,you know deep if she was all of that
484,1665.68,1666.73,0.45,2491,1.05,why aren't you **** for
485,1667.73,1669.43,0.221,2496,1.7,let me see shot upward
486,1669.95,1672.1,0.375,2501,2.15,twelve Nov nd wrong
488,1679.58,1680.41,0.998,2505,0.83,ridiculous
489,1681.78,1684.79,0.796,2506,3.01,because a lab freezes goes out with an electrical short
490,1685.98,1688.48,0.953,2516,2.5,blood samples in fifty six homicides
491,1689.19,1690.57,0.729,2522,1.38,fifteen rapes
492,1690.9,1692.1399999999999,0.665,2524,1.24,allowed to beautify
493,1693.41,1694.16,0.872,2527,0.75,state's attorney
494,1695.58,1696.25,0.915,2529,0.67,the mayor to
495,1696.99,1700.85,0.768,2532,3.86,most about trace lab is now twenty five years old
496,1702.16,1704.8600000000001,0.608,2542,2.7,ever go outside for money the non profits
497,1706.33,1709.66,0.877,2550,3.33,such as the able foundation for one my brothers on the board
498,1711.4,1712.71,0.795,2562,1.31,if you want me to run up there for
499,1713.78,1716.09,0.526,2571,2.31,you could swing never hurts to ask
500,1716.63,1716.85,0.432,2578,0.22,the
501,1718.72,1719.91,0.769,2579,1.19,it never does your arm
502,1721.04,1721.54,0.995,2584,0.5,so
503,1722.31,1723.38,0.963,2585,1.07,in that same spirit
504,1723.99,1725.52,0.727,2589,1.53,where are we with the bark still prone
505,1728.9,1730.52,0.805,2597,1.62,my other reason for stopping by
508,1737.7,1740.56,0.84,2603,2.86,and the hands and search and seizures heard about these
509,1741.1100000000001,1744.63,0.763,2613,3.52,some mid level players caught up as you can see like it's
510,1745.05,1748.37,0.905,2625,3.32,not a knockout blow but we sent a clear message
511,1750.79,1754.74,0.707,2635,3.95,I don't see barstools name anywhere or bell or anything about the murders
512,1755.46,1756.05,0.639,2648,0.59,case where
513,1756.52,1757.37,0.952,2650,0.85,it goes towards
515,1760.78,1761.62,0.815,2653,0.84,we got work to do
516,1762.91,1763.27,0.854,2658,0.36,don't
517,1774.1399999999999,1774.45,0.306,2659,0.31,we
518,1775.3899999999999,1776.3899999999999,0.498,2660,1.0,open the damn door
519,1776.99,1779.56,0.421,2664,2.57,open dnmt
520,1780.8899999999999,1786.46,0.452,2666,5.57,what open the mother **** dog mn
524,1796.51,1796.87,0.144,2673,0.36,we're
525,1797.78,1798.15,0.094,2674,0.37,where
526,1799.34,1799.84,0.71,2675,0.5,I thought
528,1801.24,1801.84,0.776,2677,0.6,but I thought
531,1811.09,1811.44,0.256,2680,0.35,this whole
532,1812.65,1814.48,0.157,2682,1.83,god brokenness
533,1816.68,1818.11,0.179,2684,1.43,till boating wrongness asks
534,1821.67,1823.84,0.992,2688,2.17,and nbsp
535,1834.13,1835.11,0.235,2690,0.98,insightful Christian
536,1835.76,1837.16,0.624,2692,1.4,at the door me now
537,1837.74,1840.79,0.772,2697,3.05,I could see that it was only you is a drugs again
538,1844.37,1845.18,0.805,2709,0.81,like to sit down
539,1848.04,1849.19,0.8,2713,1.15,president came to me
540,1850.6,1851.6,0.837,2717,1.0,when my daughter died
541,1852.68,1853.69,0.92,2721,1.01,he was four years old
542,1855.13,1855.9,0.975,2726,0.77,but even then
543,1857.45,1858.49,0.854,2729,1.04,I knew he was angry
544,1859.84,1861.08,0.531,2734,1.24,the mother lived out there
545,1862.08,1862.73,0.955,2739,0.65,caught up in it
546,1864.33,1865.18,0.627,2743,0.85,after a while
547,1866.02,1867.54,0.761,2746,1.52,you can make a scene nothing else
548,1868.96,1870.56,0.574,2753,1.6,none that matter was a nice
549,1871.25,1873.65,0.561,2759,2.4,two thirty in the town freezing
550,1874.2,1875.12,0.464,2765,0.92,let's talk about
551,1876.81,1878.57,0.827,2768,1.76,so how you think you're going to carry
552,1879.49,1880.17,0.711,2776,0.68,and I'm sorry
553,1881.3,1883.15,0.895,2779,1.85,and I'm sorry for the way we came through here
554,1886.61,1887.99,0.31,2789,1.38,expressed incomes also
555,1890.54,1891.23,0.869,2792,0.69,given this
556,1891.89,1893.62,0.91,2794,1.73,and tell them we need to talk
557,1894.03,1894.38,0.996,2801,0.35,okay
558,1897.25,1897.68,0.962,2802,0.43,sorry
559,1903.36,1905.15,0.998,2803,1.79,and nbsp
561,1907.09,1908.75,0.577,2805,1.66,the **** you doing in there talk
562,1910.95,1911.36,0.272,2812,0.41,talking
563,1918.32,1919.48,0.341,2813,1.16,right catch with
564,1919.85,1920.12,0.254,2816,0.27,about
568,1946.37,1946.69,0.966,2817,0.32,yeah
569,1950.15,1950.78,0.709,2818,0.63,McNulty
570,1952.95,1954.16,0.758,2819,1.21,some judge for you
571,1960.6100000000001,1960.82,0.669,2823,0.21,yeah
572,1964.55,1965.38,0.46,2824,0.83,we're gonna call you back
575,1974.06,1974.6100000000001,0.112,2829,0.55,register
576,1975.22,1975.47,0.987,2830,0.25,yeah
578,1978.75,1979.56,0.433,2831,0.81,I didn't think it
579,1980.43,1983.43,0.839,2835,3.0,it's a clear violation of the general orders I know but
582,1990.98,1993.31,0.713,2846,2.33,last night I went home from signup Buck naked
583,1993.8899999999999,1997.65,0.881,2855,3.76,and I I got one hand wrapped around cool domestic beer
584,1998.68,2008.77,0.788,2866,10.09,and the other wrapped around my magnificent flaccid four and one half inch wonder and I am trying with all my heart to remember what Layla Khachmaz nipples looked like
585,2009.77,2018.42,0.524,2896,8.65,when her bathing tub slipped off the Hillandale policemen burn nnj they'll cough yes Sir it's summer of seventy two
586,2019.75,2021.77,0.623,2916,2.02,why can't the saucy wench and buy guns
587,2022.56,2023.02,0.958,2924,0.46,so to speak
588,2024.58,2024.92,0.785,2927,0.34,and
589,2025.8899999999999,2027.04,0.999,2928,1.15,I am dangerously
590,2027.83,2028.58,1.0,2931,0.75,close to
591,2029.35,2033.96,0.458,2933,4.61,ingo urged ndan hall of the **** sun at a **** know where
592,2034.63,2036.96,0.443,2946,2.33,often detective **** Jimmy McNulty
593,2037.63,2038.47,0.86,2951,0.84,pops into my head
594,2039.19,2039.5,0.708,2955,0.31,not
595,2040.16,2045.99,0.725,2956,5.83,I was really open my eyes in mid to myself that my whole night is ruined which point I got nothing to do
596,2046.78,2050.52,0.862,2979,3.74,but think about the problems of Jimmy McNulty because clearly this guy
597,2051.49,2055.19,0.777,2991,3.7,and his **** problems are standing between me and all worldly pleasures
598,2055.94,2056.41,0.994,3003,0.47,clearly
599,2057.36,2057.7,0.873,3004,0.34,first
600,2059.49,2060.52,0.458,3005,1.03,it's not useful
601,2062.5,2063.21,0.945,3008,0.71,no no
602,2064.24,2065.4,0.364,3010,1.16,Jimmy is an addict
603,2066.63,2067.32,0.299,3014,0.69,she attempted to
604,2070.88,2076.01,0.645,3017,5.13,no it's not funny Sir what effect it's a **** tragedies
605,2077.5299999999997,2078.0,0.827,3028,0.47,the guy
606,2078.59,2082.16,0.918,3030,3.57,he has come to believe that he is always the smartest **** in the room
607,2082.8,2083.29,0.638,3045,0.49,you know it
608,2084.14,2091.9,0.748,3048,7.76,status quo because let's face it he's not going to Johns Hopkins are joining men say he's taken a **** job with a **** police department
609,2092.54,2097.38,0.701,3074,4.84,his first two years in homicide he's and all Manske squad partnered with o'neill and Martina
610,2098.6,2099.27,0.155,3090,0.67,Christ
611,2100.03,2105.46,0.756,3091,5.43,I must admit months even he was the smartest **** in the **** room what should point you a
612,2106.52,2107.37,0.997,3110,0.85,my point is
613,2109.13,2110.28,0.892,3113,1.15,he can't help it
614,2111.83,2113.04,0.744,3117,1.21,it makes him an ****
615,2113.7,2114.44,0.881,3122,0.74,no but
616,2115.19,2117.81,0.751,3124,2.62,it's also what makes him good policies
617,2120.98,2121.58,0.995,3131,0.6,last year
618,2122.47,2124.19,0.815,3133,1.72,he gives me eight clearances
619,2125.72,2126.24,0.847,3138,0.52,one of them was
620,2127.88,2131.28,0.828,3142,3.4,decamp floater who was John Doe for three weeks
621,2142.69,2145.53,0.787,3151,2.84,tell your boy to wrap up that bullshit detail in two weeks
622,2145.82,2147.15,0.699,3163,1.33,does that he comes home
623,2148.06,2148.76,0.78,3168,0.7,clean slate
625,2164.2,2166.78,0.325,3170,2.58,you know nnj
626,2168.04,2168.76,0.706,3173,0.72,level arrests
627,2170.95,2171.91,0.812,3175,0.96,so what did you tell them
629,2174.35,2175.05,0.45,3181,0.7,that's what I thought
630,2177.16,2178.4,0.997,3185,1.24,and nbsp
631,2178.88,2179.47,0.771,3187,0.59,I gotta go
634,2191.67,2200.33,0.745,3190,8.66,discuss the Hicks removing as a manifestation of the judiciary's attempt to maintain a speedy disposition of criminal cases then a modern courses
635,2202.31,2202.63,0.747,3213,0.32,it
636,2204.65,2205.22,0.129,3214,0.57,is with us
637,2206.19,2206.45,0.363,3217,0.26,what
638,2207.86,2209.28,0.007,3218,1.42,and nbsp
639,2210.07,2211.15,0.572,3220,1.08,did you hear that myself
640,2213.28,2215.31,0.449,3225,2.03,but no sooner did
641,2216.96,2224.02,0.744,3229,7.06,I was in a coma for nnat come out well I didn't do it I swear okay let me smoke
642,2225.96,2227.67,0.444,3249,1.71,you will my mark on you to see a war
643,2229.41,2234.94,0.639,3259,5.53,I'm serious I need to see some probable cause and will be jazz event at the probable cause keep
644,2235.97,2246.08,0.461,3278,10.11,nnj you know you just violated my civil rights and that's it new rule no marker on the cat to get over that table over there and do your home
645,2247.03,2247.3,0.714,3308,0.27,go
646,2248.5,2249.29,0.138,3309,0.79,if you look
647,2250.08,2251.71,0.245,3312,1.63,thank dnmt
650,2262.87,2264.15,0.471,3314,1.28,and nbsp
651,2265.55,2268.16,0.317,3316,2.61,who needs it club soon ndara
652,2269.95,2273.26,0.522,3322,3.31,cellphone boom a seat of the picture timeless that's where
653,2273.83,2274.58,0.695,3332,0.75,some company
655,2283.99,2285.15,0.714,3334,1.16,Salem won't let go
656,2286.31,2288.54,0.747,3338,2.23,are we anywhere close on but I've still
657,2289.74,2290.02,0.341,3346,0.28,those
658,2290.96,2291.91,0.742,3347,0.95,so what are you telling me
659,2292.66,2293.52,0.348,3353,0.86,until getting things
660,2294.56,2295.52,0.678,3356,0.96,wait for you to tell me
661,2296.71,2298.2,0.667,3362,1.49,I can do whatever you need me to do it
662,2299.02,2300.55,0.761,3372,1.53,you want me to push it further I can do
663,2301.5,2302.4,0.746,3382,0.9,she wanted to go away
664,2306.69,2307.8,0.855,3387,1.11,what to bring in someone else
665,2308.84,2309.68,0.714,3393,0.84,if you do things differently
667,2312.3,2314.14,0.491,3398,1.84,looking for the backdoor lieutenant
668,2315.08,2315.74,0.979,3403,0.66,already
669,2317.98,2318.52,0.695,3404,0.54,notices
670,2318.83,2319.36,0.366,3405,0.53,it's a wide
671,2321.64,2322.2,0.804,3408,0.56,he's right
672,2325.8,2326.45,0.654,3410,0.65,need something
673,2339.0,2347.27,0.672,3412,8.27,I guess of a home and not not made this work nndb nndb
675,2351.21,2352.24,0.532,3425,1.03,I never would have made
676,2353.73,2354.08,0.249,3430,0.35,wow
677,2354.78,2356.14,0.295,3431,1.36,house mostly we just don't
678,2357.48,2358.45,0.321,3436,0.97,as a pager mom
679,2358.62,2359.66,0.58,3440,1.04,she beat me as me
681,2362.01,2364.7799999999997,0.593,3445,2.77,you know what's this you know my dnmt the
682,2365.0299999999997,2367.39,0.466,3454,2.36,been carefully a year you need some pain
683,2371.89,2373.01,0.432,3462,1.12,this
689,2409.68,2412.16,0.837,3463,2.48,so what do you think title three
690,2413.07,2414.34,0.47,3470,1.27,right this up a wiretap
691,2415.05,2416.82,0.573,3475,1.77,to clone a page I got it from from
692,2418.01,2418.64,0.525,3484,0.63,pages on
693,2419.38,2420.38,0.778,3486,1.0,some kind of throwback thing
694,2421.52,2424.59,0.529,3491,3.07,anyone a cell phone right uses pages anymore
695,2425.66,2428.78,0.668,3499,3.12,tell you what I was checking out a wireless bill last night
696,2429.55,2431.12,0.786,3511,1.57,every incoming call this list
698,2433.45,2437.57,0.494,3516,4.12,so if we get Parcells pager will my get up the street made even trace and supply
699,2442.68,2443.6,0.418,3533,0.92,so you know I don't
701,2445.6,2448.02,0.726,3538,2.42,no our rent drugs in the homes really nineties
702,2448.38,2452.99,0.732,3547,4.61,so a couple years back at the life I miss opened Randallstown try to take up a jewelry store
703,2453.93,2457.04,0.657,3566,3.11,it **** it up half the county chastened back downtown
704,2457.71,2460.43,0.793,3576,2.72,I guess no I'd figures he's not up to doing the time
705,2460.91,2463.15,0.578,3588,2.24,he puts a four four against the chest pulls the trigger
706,2464.38,2465.04,0.516,3599,0.66,forty four
707,2466.98,2468.13,0.775,3601,1.15,it's a contact wound
708,2468.91,2471.45,0.674,3605,2.54,wakes up two hours later university on
709,2472.19,2473.52,0.723,3612,1.33,would a new nickname by
710,2476.93,2479.72,0.458,3617,2.79,well this is a sample brother took over the Barksdale stash
711,2481.41,2482.28,0.072,3628,0.87,tune in Beaumont
712,2483.48,2485.7,0.721,3631,2.22,it's not the easiest trade mn
713,2486.28,2486.86,0.422,3637,0.58,probably the
714,2489.64,2491.35,0.908,3639,1.71,man like that is likely to have a weapon
715,2492.42,2493.09,0.425,3648,0.67,Jack a mop
716,2493.73,2494.24,0.038,3651,0.51,Shashi
717,2495.8,2498.5,0.615,3652,2.7,if he knows where the box rail statues
718,2499.22,2500.31,0.754,3660,1.09,he probably knows a whole
719,2501.48,2501.7,0.642,3665,0.22,see
720,2503.05,2503.63,0.325,3666,0.58,another plan
721,2521.24,2522.8,0.419,3668,1.56,thing is we're gonna episodes
722,2524.91,2525.89,0.582,3673,0.98,he won't raise within
723,2526.77,2527.91,0.412,3677,1.14,listen to you more later
724,2534.84,2535.5,0.745,3682,0.66,was intentional
725,2536.48,2539.38,0.661,3684,2.9,he's a he's a DC you it's got a case going today
726,2541.86,2543.89,0.848,3696,2.03,well as of today I haven't heard anything to the contrary
727,2546.11,2547.11,0.678,3707,1.0,so we're going to presume
728,2550.8,2551.31,0.392,3712,0.51,ideas
729,2553.14,2554.69,0.48,3713,1.55,we continue with the purpose
730,2557.42,2559.28,0.61,3718,1.86,but I don't think this will get us to park district
731,2560.46,2563.33,0.743,3729,2.87,on the other hand the people we pulled in last week pages
732,2563.73,2566.1,0.602,3741,2.37,so to deangelo book still when McNulty jacked
733,2566.88,2569.31,0.583,3749,2.43,we could try to clone a couple pages and see where that takes
734,2569.58,2571.39,0.563,3762,1.81,Cohn what their pages
735,2572.07,2573.43,0.747,3766,1.36,they get beat we get beat
736,2574.22,2575.86,0.967,3772,1.64,see who's calling from what number
737,2576.68,2581.36,0.685,3778,4.68,these guys are all that white is still using pagers by nine last few dollars for cell phones
738,2581.92,2582.79,0.704,3796,0.87,it's a discipline
739,2586.25,2587.35,0.269,3799,1.1,to care about the page
740,2589.04,2590.41,0.3,3804,1.37,but you can make a call the paging
741,2591.49,2594.78,0.617,3812,3.29,you don't want a pen register on all the pay phones in the low rise
742,2595.26,2597.27,0.823,3827,2.01,and any other phones that link to the pages
743,2598.88,2600.08,0.661,3836,1.2,what would it take to do the pages
744,2600.69,2601.81,0.594,3844,1.12,wiretap affidavit
745,2602.66,2608.39,0.588,3846,5.73,I think we got enough DC from they had their hands and surveillance we almost exhaustion exhaust useless division
746,2608.77,2609.21,0.99,3865,0.44,good
747,2610.37,2613.59,0.97,3866,3.22,exhaustion is a legal requirement for using electronic intercepts
748,2614.51,2621.81,0.782,3875,7.3,we gotta prove nothing else works see we did the rates we made the arrest but nobody flipped we don't have an informant who takes anywhere but the street
749,2622.52,2627.52,0.738,3904,5.0,it's pretty much exhaustion all we got left to do now is to follow one of these mops and prove ourselves we can't
750,2627.93,2636.15,0.822,3927,8.22,see we try to show judge we can't make the case by following these guys and we can't how can we keep on any of them when they go up in those towers but you gotta show you try
751,2641.28,2642.12,0.704,3966,0.84,you have a page number
752,2651.79,2653.8,0.539,3971,2.01,this is written on the stash house warm
753,2654.66,2655.82,0.685,3979,1.16,the letter D. next to it
754,2657.71,2658.44,0.471,3985,0.73,that the Angela
755,2659.56,2659.98,0.75,3988,0.42,you check
756,2661.0,2661.26,0.619,3990,0.26,it's a
757,2676.81,2677.36,0.843,3992,0.55,let's do this
761,2684.29,2684.5,0.739,3995,0.21,one
762,2687.15,2688.7,0.254,3996,1.55,well appointed by the press
766,2703.56,2712.38,0.618,4001,8.82,we explain to me again why I'm about to rework a six month old crime scene look as narrow as fly clearly didn't do shit on this did the scene though scaling we talk about
767,2713.06,2714.51,0.729,4036,1.45,and Jane is leaps of logic
768,2715.08,2717.51,0.837,4042,2.43,the case is nowhere near anything would do it so
769,2718.15,2720.02,0.405,4052,1.87,given to Sega's who anyhow make us unhappy
770,2722.28,2724.55,0.673,4060,2.27,did you know Lester Freamon and
771,2725.33,2725.89,0.698,4066,0.56,a little way
772,2726.57,2728.16,0.587,4069,1.59,she's with us on this Barksdale thing
773,2728.95,2734.58,0.718,4076,5.63,I thought you said they gave you humps me looks like a home the acts like a home sitting there playing with his toys furniture
774,2735.62,2738.69,0.639,4101,3.07,Jimmy he makes more money off of the ship and you do over this job
775,2739.18,2743.77,0.571,4116,4.59,Philip les to fool you he did already today and roll call he showed something fake
776,2744.74,2745.75,0.759,4132,1.01,it's national police
777,2746.15,2747.26,0.412,4135,1.11,use to be homicide
778,2748.06,2748.63,0.252,4139,0.57,what really
779,2749.25,2749.71,0.136,4141,0.46,asking
780,2753.48,2756.27,0.353,4142,2.79,is that why not yep hasn't been reticence
783,2774.53,2775.52,0.385,4150,0.99,****
788,2790.2,2790.63,0.583,4151,0.43,for
789,2797.39,2798.65,0.309,4152,1.26,mt
790,2799.99,2800.2,0.574,4153,0.21,but I
791,2802.23,2803.81,0.988,4155,1.58,and nbsp
793,2807.23,2809.2,0.393,4157,1.97,the frog nnj
797,2820.95,2822.53,1.0,4160,1.58,and nbsp
799,2825.54,2825.89,0.134,4162,0.35,but
803,2838.23,2839.16,0.997,4163,0.93,jn
805,2848.36,2849.12,0.997,4164,0.76,sn
806,2855.64,2858.03,0.794,4165,2.39,and nbsp
807,2858.39,2860.05,0.99,4167,1.66,and nbsp
809,2869.75,2872.71,0.992,4169,2.96,and nbsp
811,2879.01,2879.96,0.237,4171,0.95,well the first
812,2886.91,2887.33,0.388,4174,0.42,all of
813,2888.49,2889.15,0.39,4176,0.66,well ****
814,2903.94,2904.31,0.146,4178,0.37,ok
815,2904.98,2905.24,0.269,4179,0.26,look
816,2912.07,2913.77,0.608,4180,1.7,okay mn
818,2925.24,2926.34,0.297,4182,1.1,love the funky
819,2930.44,2932.93,0.363,4185,2.49,**** in a nd
823,2945.67,2947.77,0.509,4189,2.1,fn
828,2963.88,2964.74,0.562,4190,0.86,mother ****
829,2968.46,2969.21,0.995,4192,0.75,for me
847,3042.4,3044.74,0.724,4194,2.34,sin is on foot because in the car
848,3045.52,3048.6,0.804,4202,3.08,hurt you need to be on top of the roof behind and winning
849,3049.95,3051.11,0.727,4215,1.16,going to get the should detail
850,3051.81,3052.92,0.7,4221,1.11,the plan is to stay on the
851,3053.95,3063.85,0.584,4228,9.9,a little closer don't lose you can't follow people in towns you can obtain a low rise in this you had a reason I just to make sure we want to lose him right
852,3064.42,3065.21,0.689,4262,0.79,losing him is good
853,3066.81,3067.21,0.619,4266,0.4,right
854,3068.18,3069.38,0.399,4267,1.2,and why the **** do this
855,3070.18,3072.3,0.282,4273,2.12,compare old maleness when
857,3085.77,3087.08,0.863,4277,1.31,so your police after all
859,3089.73,3091.47,0.763,4282,1.74,you know what you do and what you have been doing it
860,3092.74,3097.8,0.843,4294,5.06,how long you been in the pawn shop unit their team is four months thirteen years and four months
861,3098.33,3099.04,0.721,4313,0.71,could I ask you
862,3100.28,3111.63,0.83,4317,11.35,what exactly does a police officer assigned to a pawnshop unit do you intake reports from rich to poor shops and all items valued over fifty dollars then you make an index card for that item then you follow that index card
863,3112.27,3126.64,0.709,4359,14.37,it's almost the front of the stone has been pawn we look to see if we have an index card if we do we do if we don't we don't Egypt after thirteen years and four months why do you ask out of homicide know ask about it got booed what you do to piss him off police work
864,3129.12,3130.43,0.827,4418,1.31,I think I need to buy you a drink
865,3132.37,3132.86,0.96,4427,0.49,just one
866,3134.97,3137.74,0.525,4429,2.77,got this case in a broken home Sunday the seventh
867,3138.79,3139.73,0.495,4439,0.94,you know
868,3140.88,3144.14,0.482,4441,3.26,stepped up like down in bed force window and
869,3145.74,3148.47,0.552,4450,2.73,worked for a couple weeks opening two schools of thinkers
870,3149.97,3153.16,0.642,4460,3.19,well number one gives it up transferred all the way to school number two
871,3154.37,3155.31,0.656,4474,0.94,back up the statements
872,3155.85,3159.26,0.75,4478,3.41,printed on the rear window number two or number one number one on the medicines
873,3160.12,3160.58,0.926,4493,0.46,it's down
874,3161.29,3161.7,0.177,4495,0.41,room
875,3163.28,3166.83,0.498,4496,3.55,even that is was will number one drives about house would eventually be shipped
876,3167.5,3169.56,0.724,4510,2.06,clock radio TV toaster
877,3170.76,3171.49,0.934,4514,0.73,so what's the problem
878,3172.67,3173.94,0.614,4518,1.27,the problem is the fence
879,3174.95,3178.01,0.594,4523,3.06,turned out he was a someone with big editors over the news in America
880,3178.92,3185.08,0.616,4537,6.16,this man is one the afternoon newspaper and his son is getting all **** up doing the dirty gin hideout a locus online
881,3186.1,3191.74,0.621,4560,5.64,the deputy who I guess is enough for even going moon sends word down to the major I'm suppose to make the case
882,3192.04,3193.5,0.488,4583,1.46,without a pass
883,3194.99,3200.62,0.65,4586,5.63,just the print ads and statement play like that so is doing this for awhile have some newspaper got his pocket
884,3201.26,3202.06,0.937,4607,0.8,I guess so
886,3205.24,3205.85,0.432,4610,0.61,this parental
887,3206.85,3209.42,0.327,4612,2.57,naw naw Mueller deputy for Perot
888,3211.07,3211.71,0.725,4618,0.64,what did you do
890,3213.72,3214.43,0.602,4622,0.71,I think I did
891,3215.49,3218.54,0.446,4626,3.05,applause and receive then head is asked testified
892,3219.3,3222.3,0.639,4634,3.0,it could make the case without and just on the prince in the statement
893,3222.98,3223.43,0.561,4648,0.45,problem
895,3227.02,3227.55,0.849,4649,0.53,why didn't she
896,3229.05,3229.44,0.484,4652,0.39,why
897,3232.67,3235.68,0.405,4653,3.01,one of you **** yourself Jason Avon Barksdale
898,3239.78,3244.0,0.659,4661,4.22,we get the drugs major comes to me asked me where I want to go
900,3245.42,3248.1,0.698,4676,2.68,until now I don't care I like to be outside you know
901,3248.82,3253.49,0.49,4688,4.67,give me a god damn foot posts are still make money you know semi assistance in that not accuse
902,3254.33,3258.25,0.513,4707,3.92,you into a full post major comeback asked me where I don't wanna go
903,3258.89,3261.7,0.425,4721,2.81,and yes you might want to make sure our land okay
904,3262.71,3265.16,0.437,4732,2.45,not telling I don't want no **** papers
906,3266.34,3267.49,0.343,4740,1.15,no off issue
907,3268.0299999999997,3272.87,0.388,4743,4.84,setma black as us on the meet Lisa pawnshop unit dnmt
908,3273.21,3275.4,0.694,4754,2.19,they got big good mn
909,3276.73,3278.27,0.924,4759,1.54,so why they let you out of the box
910,3278.66,3279.19,0.956,4768,0.53,why now
911,3281.59,3282.95,0.909,4770,1.36,I guess they just forgot about
912,3284.77,3285.71,0.267,4776,0.94,shit listed
914,3287.5299999999997,3288.7799999999997,0.878,4778,1.25,but you back from the dead
915,3289.87,3294.81,0.682,4784,4.94,he rolled away the stone mt but Maryland says your natural police
916,3295.54,3296.23,1.0,4796,0.69,one of the few
917,3297.99,3299.5,0.772,4800,1.51,you have him a moment's
918,3303.07,3303.59,0.174,4805,0.52,detective
919,3305.94,3308.33,0.816,4806,2.39,when they ask you where you wanna go
920,3309.2,3311.74,0.75,4814,2.54,and they are going to ask you where you want to go
921,3313.0,3314.13,0.997,4826,1.13,do yourself a favor
922,3315.09,3316.69,0.999,4830,1.6,keep your mouth shut
923,3320.29,3322.71,0.369,4834,2.42,I got a ticket dnmt
924,3323.81,3324.04,0.354,4839,0.23,and
925,3324.76,3324.95,0.265,4840,0.19,yeah
927,3333.26,3335.55,0.281,4841,2.29,nnj
929,3340.23,3340.7,0.119,4842,0.47,well
930,3342.54,3342.97,0.301,4843,0.43,and
931,3344.62,3345.47,0.473,4844,0.85,is Kim of their
932,3346.29,3346.95,0.645,4848,0.66,and you were
933,3347.76,3349.72,0.737,4851,1.96,tell him it's a it's McNulty
935,3360.63,3361.5,0.582,4857,0.87,where you can
936,3362.19,3363.92,0.548,4860,1.73,the decidedly confused by
938,3367.42,3368.03,0.358,4864,0.61,problem
940,3380.05,3380.71,0.436,4865,0.66,I go to a
941,3384.04,3385.23,0.634,4869,1.19,lost in the two to one
942,3385.72,3389.47,0.701,4875,3.75,pick them back up in the low rises in the last of my show to street after dark
943,3390.46,3391.15,0.968,4893,0.69,nicely done
944,3394.88,3396.98,0.595,4895,2.1,are you looking to drive yeah yeah site
945,3397.69,3399.99,0.781,4903,2.3,I just wanted to I just want to thank you
946,3401.16,3401.52,0.692,4913,0.36,for
947,3402.26,3404.84,0.871,4914,2.58,for today you know Daniels
948,3406.21,3410.22,0.746,4919,4.01,you should be thanking lest I did I just wanted to thank you to
949,3410.7,3411.56,0.58,4933,0.86,detective cracks
951,3418.04,3418.7,0.94,4935,0.66,that is
952,3430.62,3433.15,0.249,4937,2.53,whatever dnmt
953,3434.28,3436.4,0.374,4939,2.12,remember the line worse
954,3436.91,3438.62,0.514,4943,1.71,lonely mn
957,3441.58,3443.36,0.658,4945,1.78,even make it in the class again today
958,3445.62,3448.91,0.492,4953,3.29,you said you'd stick with them trying
959,3450.28,3451.4,0.862,4960,1.12,things aren't right now
960,3453.74,3455.24,0.779,4964,1.5,doing the best I can to
961,3456.66,3459.05,0.595,4970,2.39,you said yourself you need to do some mouse
962,3459.98,3460.78,0.066,4979,0.8,Samantha
963,3462.9,3466.33,0.444,4980,3.43,do you currently dnmt
964,3468.18,3468.82,0.405,4984,0.64,I hope
965,3472.31,3475.36,0.687,4986,3.05,mt cn
966,3476.81,3481.12,0.461,4988,4.31,you know that a women in your phone for my trip Krasne
970,3489.13,3489.9,0.227,5000,0.77,mt
971,3491.3,3492.87,0.286,5001,1.57,uhhuh jojo
973,3496.21,3496.86,0.353,5003,0.65,five
974,3499.93,3503.09,0.993,5004,3.16,shouldnt
975,3503.7,3505.06,0.267,5005,1.36,nnj
978,3513.17,3516.0,0.963,5006,2.83,for this annnnd
981,3518.95,3520.55,0.304,5009,1.6,nnj
982,3521.82,3522.19,0.864,5010,0.37,and
983,3523.16,3524.29,0.273,5011,1.13,nnj
984,3526.58,3527.08,0.476,5012,0.5,this
987,3532.4,3535.2,0.376,5013,2.8,nnj
989,3538.05,3539.45,0.309,5014,1.4,mt
990,3540.22,3540.53,0.401,5015,0.31,this
991,3542.02,3542.79,0.887,5016,0.77,and
993,3550.62,3551.17,0.959,5017,0.55,pn
994,3551.64,3553.81,0.426,5018,2.17,this nnj
995,3556.75,3558.67,0.553,5020,1.92,pn
996,3560.08,3560.67,0.911,5021,0.59,and
